{"initial_reset_timestamp": 1552377212.2826319, "timestamps": [1552377228.696085], "episode_lengths": [329], "episode_rewards": [214.80984215095708], "episode_types": ["t"]}